최신,New,1,팡아만해양국립공원,Ao Phang Nga National Park,1,BoS01BhlACe190319thumb2xnew,BoS01BhlACe190319guide1xnew,8.3065613,98.4577456,11,190319,zzieun_yy,https://www.instagram.com/p/BoS01BhlACe/?utm_source=ig_web_copy_link,
최신,New,1,브리엔츠호수,Lake Brienz,2,Bm8DwhWn22o181109thumb2xnew,Bm8DwhWn22o181109guide1xnew,46.7230342,7.9322689,11,181109,so._____.he,https://www.instagram.com/p/Bm8DwhWn22o/,
최신,New,1,플랜테이션 베이 리조트,Plantation Bay Resort and Spa,3,BmgLhhhrP190322thumb2xnew,BmgLhhhrP190322guide1xnew,10.260533,123.982687,11,190322,b_eunjuuu,https://www.instagram.com/p/BmgLh-hhr-P/?taken-at=573953879,
최신,New,1,에펠탑,Eiffel Tower,4,BkzY1TNFxA190319thumb2xnew,BkzY1TNFxA190319guide1xnew,48.8622293,2.2891485,43,190319,hebenus,https://www.instagram.com/p/BkzY1TNF-xA/?taken-by=peachebbeh,가로
최신,New,1,청의호수,Shirogane Blue Pond,5,BmdWulFHBt2190315thumb2xnew,BmdWulFHBt2190315guide1xnew,43.4940556,142.613813,11,190315,l004ch,https://www.instagram.com/p/BmdWul-FHBt/?hl=ko&tagged=%EC%84%B8%EB%B8%90%EC%8A%A4%ED%83%80%EB%82%98%EB%AC%B4,
최신,New,1,초이홍 아파트,Choi Hung Estate,6,BpQwsLHkoN190321thumb2xnew,BpQwsLHkoN190321guide1xnew,22.334555,114.2073419,43,190321,royivan_,https://www.instagram.com/p/BpQwsL_HkoN/?taken-at=611757194,
최신,New,1,팜 토미타,Farm Tomita,7,BlZsASXFFI190315thumb2xnew,BlZsASXFFI190315guide1xnew,43.4188219,142.4280756,43,190315,selinable_,https://www.instagram.com/p/BlZsASXFFI-/?tagged=%ED%8C%9C%EB%8F%84%EB%AF%B8%ED%83%80,
최신,New,1,오행산,The Marble Mountains,8,Bo3smeElGch190319thumb2xnew,Bo3smeElGch190319guide1xnew,16.0041847,108.2642822,11,190319,a__yeoung,https://www.instagram.com/p/Bo3smeElGch/?tagged=%EC%98%A4%ED%96%89%EC%82%B0,
최신,New,1,쁘띠 베니스,Petite Venise,9,BjwoUPHAF8j181210thumb2xnew,BjwoUPHAF8j181210guide1xnew,48.0739853,7.3573201,43,181210,h_ha_0,https://www.instagram.com/p/BjwoUPHAF8j/,가로
최신,New,1,금각사,Kinkaku-ji,10,BnDrLE0BK8190314thumb2xnew,BnDrLE0BK8190314guide1xnew,35.0389143,135.7286839,43,190314,gg_n_k_why,https://www.instagram.com/p/BnDrLE0BK88/?taken-by=geniie___14,
최신,New,1,미케비치,My Khe Beach,11,pozeofficial190320thumb2xnew,pozeofficial190320guide1xnew,16.063885,108.2444916,43,190320,poze.official,https://www.instagram.com/poze.official/,
최신,New,1,해피초원목장,happyhilok,12,BqDpwKiBVr190527thumb2xnew,BqDpwKiBVr190527guide1xnew,37.97908,127.695325,11,190527,hyejuuun,https://www.instagram.com/p/BqDpwKiB-Vr/,
최신,New,1,루브르 박물관,Louvre Museum,13,BkouTEIjVih3190319thumb2xnew,BkouTEIjVih3190319guide1xnew,48.8605999,2.3366951,11,190319,min_yyyoung,https://www.instagram.com/p/BkouTEIjVih/?taken-by=min_yyyoung,
최신,New,1,레인보우브릿지,Rainbow Bridge,14,cristalb190320thumb2xnew,cristalb190320guide1xnew,35.6275648,139.7712882,43,190320,poze.official,https://www.instagram.com/poze.official/,
최신,New,1,지우펀,Jiufen,15,BoHKsR9n00B181114thumb2xnew,BoHKsR9n00B181114guide1xnew,25.1086996,121.8436603,43,181114,kyoko1903,https://www.instagram.com/p/BoHKsR9n00B/?taken-by=kyoko1903,
최신,New,1,런던아이,London Eye,16,BqVJ8noF0c3190318thumb2xnew,BqVJ8noF0c3190318guide1xnew,51.5038441,-0.1231403,11,190318,iibo__,https://www.instagram.com/p/BqVJ8noF0c3/,
최신,New,1,오사카 도톤보리 (글리코상),Dotombori Glico Sign,17,wwjoon190318thumb2xnew,wwjoon190318guide1xnew,34.6691652,135.5011065,11,190318,poze.official,https://www.instagram.com/poze.official/,
최신,New,1,바나힐,Ba Na Hills,18,BoAsBMMhL1E190320thumb2xnew,BoAsBMMhL1E190320guide1xnew,15.9971629,107.9881995,11,190320,lnnyyy93,https://www.instagram.com/p/BoAsBMMhL1E/?tagged=%EB%8B%A4%EB%82%AD%EB%8C%80%EC%84%B1%EB%8B%B9,
최신,New,1,패치워크의 길,Patchwork road,19,BmdWulFHBt190315thumb2xnew,BmdWulFHBt190315guide1xnew,43.6292721,142.4308181,11,190315,l004ch,https://www.instagram.com/p/BmdWul-FHBt/?hl=ko&tagged=%EC%84%B8%EB%B8%90%EC%8A%A4%ED%83%80%EB%82%98%EB%AC%B4,
최신,New,1,경복궁,Gyeongbokgung Palace,20,BwZsHTPgs8t190514thumb2xnew,BwZsHTPgs8t190514guide1xnew,37.5781544,126.9773847,43,190514,tynamonemina,https://www.instagram.com/p/BwZsHTPgs8t/,
최신,New,1,홍마오청,Fort San Domingo,21,pozeofficial8190319thumb2xnew,pozeofficial8190319guide1xnew,25.17518,121.433276,43,190319,poze.official,https://www.instagram.com/poze.official/,
최신,New,1,디즈니랜드,Tokyo Disneyland,22,BkxfxZJg1bb190320thumb2xnew,BkxfxZJg1bb190320guide1xnew,35.63301,139.8803568,11,190320,donnyyy_kim,https://www.instagram.com/p/BkxfxZJg1bb/?taken-by=donnyyy_kim,
최신,New,1,샹산,Xiangshan,23,pozeofficial1190319thumb2xnew,pozeofficial1190319guide1xnew,25.0268848,121.5741994,43,190319,poze.official,https://www.instagram.com/poze.official/,
최신,New,1,골든브릿지,Golden Bridge,24,BpHEHgRhuLe190319thumb2xnew,BpHEHgRhuLe190319guide1xnew,15.9948617,107.9965783,43,190319,superior_style_magazine,https://www.instagram.com/p/BpHEHgRhuLe/?taken-at=293553174561533,
최신,New,1,웨스트민스터 사원,Westminster Abbey,25,BpeoIvjlis12190308thumb2xnew,BpeoIvjlis12190308guide1xnew,51.4989891,-0.1257378,11,190318,g.m_il,https://www.instagram.com/p/BpeoIvjlis1/,
최신,New,1,장림포구(부네치아),Jangrimpogu(bunecia),26,BmFXZAhLM6190417thumb2xnew,BmFXZAhLM6190417guide1xnew,35.081232,128.9552236,11,190417,su_jung__crystal,https://www.instagram.com/p/Bm-FXZAhLM6/?taken-by=su_jung__crystal,
최신,New,1,철학의 길(테츠가쿠노미치),Tetsugaku-no-michi,27,BnDrLE0BK82190314thumb2xnew,BnDrLE0BK82190314guide1xnew,35.0271241,135.7951345,43,190314,gg_n_k_why,https://www.instagram.com/p/BnDrLE0BK88/?taken-by=geniie___14,
최신,New,1,칼튼힐,Calton Hill,28,Bna3uiuFK48181127thumb2xnew,Bna3uiuFK48181127guide1xnew,55.9547551,-3.1842238,11,181127,_11.02___,https://www.instagram.com/p/Bna3uiuFK48/,
